fold,seed,house,appliance,tp,tn,fp,fn,eligible_positive_support,eligible_negative_support,excluded_unavailable_count,precision,recall,f1,binary_accuracy,precision_zero_denominator,recall_zero_denominator,f1_zero_denominator,accuracy_zero_denominator,matched_target_episode_count,unmatched_target_episode_count,duplicate_candidate_count,candidate_count,episode_coverage,episode_coverage_zero_denominator,excluded_reasons_json
F1,0,H1,fridge,13,63,6,60,73,69,9,0.6842105263157895,0.1780821917808219,0.2826086956521739,0.5352112676056338,False,False,False,False,32,41,22,110,0.4383561643835616,False,"{""incomplete_one_sample"":3,""right_censored"":6}"
F1,0,H3,fridge,53,70,8,20,73,78,8,0.8688524590163934,0.726027397260274,0.7910447761194029,0.8145695364238411,False,False,False,False,64,9,49,150,0.8767123287671232,False,"{""incomplete_one_sample"":8}"
F1,0,H5,fridge,2,14,1,2,4,15,1,0.6666666666666666,0.5,0.5714285714285714,0.8421052631578947,False,False,False,False,2,2,12,18,0.5,False,"{""incomplete_one_sample"":1}"
F1,0,H6,fridge,18,100,6,45,63,106,10,0.75,0.2857142857142857,0.41379310344827586,0.6982248520710059,False,False,False,False,48,15,94,164,0.7619047619047619,False,"{""incomplete_one_sample"":6,""left_censored"":4}"
F1,0,ALL,fridge,86,247,21,127,213,268,28,0.8037383177570093,0.40375586854460094,0.5375,0.6923076923076923,False,False,False,False,146,67,177,442,0.6854460093896714,False,"{""incomplete_one_sample"":18,""left_censored"":4,""right_censored"":6}"
F1,0,H1,microwave,8,73,5,19,27,78,11,0.6153846153846154,0.2962962962962963,0.4,0.7714285714285715,False,False,False,False,21,6,10,110,0.7777777777777778,False,"{""incomplete_one_sample"":10,""incomplete_one_sample+right_censored"":1}"
F1,0,H3,microwave,0,136,4,10,10,140,0,0.0,0.0,0.0,0.9066666666666666,False,False,False,False,10,0,39,150,1.0,False,{}
F1,0,H5,microwave,0,18,0,0,0,18,0,0.0,0.0,0.0,1.0,True,True,True,False,0,0,0,18,0.0,True,{}
F1,0,H6,microwave,0,0,0,0,0,0,164,0.0,0.0,0.0,0.0,True,True,True,True,0,0,0,164,0.0,True,"{""label_unavailable"":164}"
F1,0,ALL,microwave,8,227,9,29,37,236,175,0.47058823529411764,0.21621621621621623,0.2962962962962963,0.8608058608058609,False,False,False,False,31,6,49,442,0.8378378378378378,False,"{""incomplete_one_sample"":10,""incomplete_one_sample+right_censored"":1,""label_unavailable"":164}"
F1,0,H1,dish washer,6,95,0,14,20,95,0,1.0,0.3,0.46153846153846156,0.8782608695652174,False,False,False,False,15,5,3,110,0.75,False,{}
F1,0,H3,dish washer,0,144,0,6,6,144,0,0.0,0.0,0.0,0.96,True,False,False,False,6,0,14,150,1.0,False,{}
F1,0,H5,dish washer,0,18,0,0,0,18,0,0.0,0.0,0.0,1.0,True,True,True,False,0,0,0,18,0.0,True,{}
F1,0,H6,dish washer,0,164,0,0,0,164,0,0.0,0.0,0.0,1.0,True,True,True,False,0,0,0,164,0.0,True,{}
F1,0,ALL,dish washer,6,421,0,20,26,421,0,1.0,0.23076923076923078,0.375,0.9552572706935123,False,False,False,False,21,5,17,442,0.8076923076923077,False,{}
F1,1,H1,fridge,12,60,9,61,73,69,9,0.5714285714285714,0.1643835616438356,0.2553191489361702,0.5070422535211268,False,False,False,False,32,41,22,110,0.4383561643835616,False,"{""incomplete_one_sample"":3,""right_censored"":6}"
F1,1,H3,fridge,51,64,14,22,73,78,8,0.7846153846153846,0.6986301369863014,0.7391304347826086,0.7615894039735099,False,False,False,False,64,9,49,150,0.8767123287671232,False,"{""incomplete_one_sample"":8}"
F1,1,H5,fridge,2,14,1,2,4,15,1,0.6666666666666666,0.5,0.5714285714285714,0.8421052631578947,False,False,False,False,2,2,12,18,0.5,False,"{""incomplete_one_sample"":1}"
F1,1,H6,fridge,20,103,3,43,63,106,10,0.8695652173913043,0.31746031746031744,0.46511627906976744,0.727810650887574,False,False,False,False,48,15,94,164,0.7619047619047619,False,"{""incomplete_one_sample"":6,""left_censored"":4}"
F1,1,ALL,fridge,85,241,27,128,213,268,28,0.7589285714285714,0.39906103286384975,0.5230769230769231,0.6777546777546778,False,False,False,False,146,67,177,442,0.6854460093896714,False,"{""incomplete_one_sample"":18,""left_censored"":4,""right_censored"":6}"
F1,1,H1,microwave,7,75,3,20,27,78,11,0.7,0.25925925925925924,0.3783783783783784,0.780952380952381,False,False,False,False,21,6,10,110,0.7777777777777778,False,"{""incomplete_one_sample"":10,""incomplete_one_sample+right_censored"":1}"
F1,1,H3,microwave,0,135,5,10,10,140,0,0.0,0.0,0.0,0.9,False,False,False,False,10,0,39,150,1.0,False,{}
F1,1,H5,microwave,0,18,0,0,0,18,0,0.0,0.0,0.0,1.0,True,True,True,False,0,0,0,18,0.0,True,{}
F1,1,H6,microwave,0,0,0,0,0,0,164,0.0,0.0,0.0,0.0,True,True,True,True,0,0,0,164,0.0,True,"{""label_unavailable"":164}"
F1,1,ALL,microwave,7,228,8,30,37,236,175,0.4666666666666667,0.1891891891891892,0.2692307692307692,0.8608058608058609,False,False,False,False,31,6,49,442,0.8378378378378378,False,"{""incomplete_one_sample"":10,""incomplete_one_sample+right_censored"":1,""label_unavailable"":164}"
F1,1,H1,dish washer,5,92,3,15,20,95,0,0.625,0.25,0.35714285714285715,0.8434782608695652,False,False,False,False,15,5,3,110,0.75,False,{}
F1,1,H3,dish washer,0,143,1,6,6,144,0,0.0,0.0,0.0,0.9533333333333334,False,False,False,False,6,0,14,150,1.0,False,{}
F1,1,H5,dish washer,0,18,0,0,0,18,0,0.0,0.0,0.0,1.0,True,True,True,False,0,0,0,18,0.0,True,{}
F1,1,H6,dish washer,0,164,0,0,0,164,0,0.0,0.0,0.0,1.0,True,True,True,False,0,0,0,164,0.0,True,{}
F1,1,ALL,dish washer,5,417,4,21,26,421,0,0.5555555555555556,0.19230769230769232,0.2857142857142857,0.9440715883668904,False,False,False,False,21,5,17,442,0.8076923076923077,False,{}
F1,2,H1,fridge,8,68,1,65,73,69,9,0.8888888888888888,0.1095890410958904,0.1951219512195122,0.5352112676056338,False,False,False,False,32,41,22,110,0.4383561643835616,False,"{""incomplete_one_sample"":3,""right_censored"":6}"
F1,2,H3,fridge,46,76,2,27,73,78,8,0.9583333333333334,0.6301369863013698,0.7603305785123967,0.8079470198675497,False,False,False,False,64,9,49,150,0.8767123287671232,False,"{""incomplete_one_sample"":8}"
F1,2,H5,fridge,0,14,1,4,4,15,1,0.0,0.0,0.0,0.7368421052631579,False,False,False,False,2,2,12,18,0.5,False,"{""incomplete_one_sample"":1}"
F1,2,H6,fridge,11,106,0,52,63,106,10,1.0,0.1746031746031746,0.2972972972972973,0.6923076923076923,False,False,False,False,48,15,94,164,0.7619047619047619,False,"{""incomplete_one_sample"":6,""left_censored"":4}"
F1,2,ALL,fridge,65,264,4,148,213,268,28,0.9420289855072463,0.3051643192488263,0.46099290780141844,0.683991683991684,False,False,False,False,146,67,177,442,0.6854460093896714,False,"{""incomplete_one_sample"":18,""left_censored"":4,""right_censored"":6}"
F1,2,H1,microwave,5,76,2,22,27,78,11,0.7142857142857143,0.18518518518518517,0.29411764705882354,0.7714285714285715,False,False,False,False,21,6,10,110,0.7777777777777778,False,"{""incomplete_one_sample"":10,""incomplete_one_sample+right_censored"":1}"
F1,2,H3,microwave,0,140,0,10,10,140,0,0.0,0.0,0.0,0.9333333333333333,True,False,False,False,10,0,39,150,1.0,False,{}
F1,2,H5,microwave,0,18,0,0,0,18,0,0.0,0.0,0.0,1.0,True,True,True,False,0,0,0,18,0.0,True,{}
F1,2,H6,microwave,0,0,0,0,0,0,164,0.0,0.0,0.0,0.0,True,True,True,True,0,0,0,164,0.0,True,"{""label_unavailable"":164}"
F1,2,ALL,microwave,5,234,2,32,37,236,175,0.7142857142857143,0.13513513513513514,0.22727272727272727,0.8754578754578755,False,False,False,False,31,6,49,442,0.8378378378378378,False,"{""incomplete_one_sample"":10,""incomplete_one_sample+right_censored"":1,""label_unavailable"":164}"
F1,2,H1,dish washer,7,92,3,13,20,95,0,0.7,0.35,0.4666666666666667,0.8608695652173913,False,False,False,False,15,5,3,110,0.75,False,{}
F1,2,H3,dish washer,0,141,3,6,6,144,0,0.0,0.0,0.0,0.94,False,False,False,False,6,0,14,150,1.0,False,{}
F1,2,H5,dish washer,0,17,1,0,0,18,0,0.0,0.0,0.0,0.9444444444444444,False,True,False,False,0,0,0,18,0.0,True,{}
F1,2,H6,dish washer,0,161,3,0,0,164,0,0.0,0.0,0.0,0.9817073170731707,False,True,False,False,0,0,0,164,0.0,True,{}
F1,2,ALL,dish washer,7,411,10,19,26,421,0,0.4117647058823529,0.2692307692307692,0.32558139534883723,0.9351230425055929,False,False,False,False,21,5,17,442,0.8076923076923077,False,{}
F1,3,H1,fridge,10,69,0,63,73,69,9,1.0,0.136986301369863,0.24096385542168675,0.5563380281690141,False,False,False,False,32,41,22,110,0.4383561643835616,False,"{""incomplete_one_sample"":3,""right_censored"":6}"
F1,3,H3,fridge,45,74,4,28,73,78,8,0.9183673469387755,0.6164383561643836,0.7377049180327869,0.7880794701986755,False,False,False,False,64,9,49,150,0.8767123287671232,False,"{""incomplete_one_sample"":8}"
F1,3,H5,fridge,0,14,1,4,4,15,1,0.0,0.0,0.0,0.7368421052631579,False,False,False,False,2,2,12,18,0.5,False,"{""incomplete_one_sample"":1}"
F1,3,H6,fridge,11,104,2,52,63,106,10,0.8461538461538461,0.1746031746031746,0.2894736842105263,0.6804733727810651,False,False,False,False,48,15,94,164,0.7619047619047619,False,"{""incomplete_one_sample"":6,""left_censored"":4}"
F1,3,ALL,fridge,66,261,7,147,213,268,28,0.9041095890410958,0.30985915492957744,0.46153846153846156,0.6798336798336798,False,False,False,False,146,67,177,442,0.6854460093896714,False,"{""incomplete_one_sample"":18,""left_censored"":4,""right_censored"":6}"
F1,3,H1,microwave,5,75,3,22,27,78,11,0.625,0.18518518518518517,0.2857142857142857,0.7619047619047619,False,False,False,False,21,6,10,110,0.7777777777777778,False,"{""incomplete_one_sample"":10,""incomplete_one_sample+right_censored"":1}"
F1,3,H3,microwave,0,136,4,10,10,140,0,0.0,0.0,0.0,0.9066666666666666,False,False,False,False,10,0,39,150,1.0,False,{}
F1,3,H5,microwave,0,18,0,0,0,18,0,0.0,0.0,0.0,1.0,True,True,True,False,0,0,0,18,0.0,True,{}
F1,3,H6,microwave,0,0,0,0,0,0,164,0.0,0.0,0.0,0.0,True,True,True,True,0,0,0,164,0.0,True,"{""label_unavailable"":164}"
F1,3,ALL,microwave,5,229,7,32,37,236,175,0.4166666666666667,0.13513513513513514,0.20408163265306123,0.8571428571428571,False,False,False,False,31,6,49,442,0.8378378378378378,False,"{""incomplete_one_sample"":10,""incomplete_one_sample+right_censored"":1,""label_unavailable"":164}"
F1,3,H1,dish washer,10,86,9,10,20,95,0,0.5263157894736842,0.5,0.5128205128205128,0.8347826086956521,False,False,False,False,15,5,3,110,0.75,False,{}
F1,3,H3,dish washer,0,134,10,6,6,144,0,0.0,0.0,0.0,0.8933333333333333,False,False,False,False,6,0,14,150,1.0,False,{}
F1,3,H5,dish washer,0,17,1,0,0,18,0,0.0,0.0,0.0,0.9444444444444444,False,True,False,False,0,0,0,18,0.0,True,{}
F1,3,H6,dish washer,0,158,6,0,0,164,0,0.0,0.0,0.0,0.9634146341463414,False,True,False,False,0,0,0,164,0.0,True,{}
F1,3,ALL,dish washer,10,395,26,16,26,421,0,0.2777777777777778,0.38461538461538464,0.3225806451612903,0.9060402684563759,False,False,False,False,21,5,17,442,0.8076923076923077,False,{}
F1,4,H1,fridge,12,59,10,61,73,69,9,0.5454545454545454,0.1643835616438356,0.25263157894736843,0.5,False,False,False,False,32,41,22,110,0.4383561643835616,False,"{""incomplete_one_sample"":3,""right_censored"":6}"
F1,4,H3,fridge,47,68,10,26,73,78,8,0.8245614035087719,0.6438356164383562,0.7230769230769231,0.7615894039735099,False,False,False,False,64,9,49,150,0.8767123287671232,False,"{""incomplete_one_sample"":8}"
F1,4,H5,fridge,1,14,1,3,4,15,1,0.5,0.25,0.3333333333333333,0.7894736842105263,False,False,False,False,2,2,12,18,0.5,False,"{""incomplete_one_sample"":1}"
F1,4,H6,fridge,14,104,2,49,63,106,10,0.875,0.2222222222222222,0.35443037974683544,0.6982248520710059,False,False,False,False,48,15,94,164,0.7619047619047619,False,"{""incomplete_one_sample"":6,""left_censored"":4}"
F1,4,ALL,fridge,74,245,23,139,213,268,28,0.7628865979381443,0.3474178403755869,0.4774193548387097,0.6632016632016632,False,False,False,False,146,67,177,442,0.6854460093896714,False,"{""incomplete_one_sample"":18,""left_censored"":4,""right_censored"":6}"
F1,4,H1,microwave,9,71,7,18,27,78,11,0.5625,0.3333333333333333,0.4186046511627907,0.7619047619047619,False,False,False,False,21,6,10,110,0.7777777777777778,False,"{""incomplete_one_sample"":10,""incomplete_one_sample+right_censored"":1}"
F1,4,H3,microwave,2,134,6,8,10,140,0,0.25,0.2,0.2222222222222222,0.9066666666666666,False,False,False,False,10,0,39,150,1.0,False,{}
F1,4,H5,microwave,0,18,0,0,0,18,0,0.0,0.0,0.0,1.0,True,True,True,False,0,0,0,18,0.0,True,{}
F1,4,H6,microwave,0,0,0,0,0,0,164,0.0,0.0,0.0,0.0,True,True,True,True,0,0,0,164,0.0,True,"{""label_unavailable"":164}"
F1,4,ALL,microwave,11,223,13,26,37,236,175,0.4583333333333333,0.2972972972972973,0.36065573770491804,0.8571428571428571,False,False,False,False,31,6,49,442,0.8378378378378378,False,"{""incomplete_one_sample"":10,""incomplete_one_sample+right_censored"":1,""label_unavailable"":164}"
F1,4,H1,dish washer,5,94,1,15,20,95,0,0.8333333333333334,0.25,0.38461538461538464,0.8608695652173913,False,False,False,False,15,5,3,110,0.75,False,{}
F1,4,H3,dish washer,0,144,0,6,6,144,0,0.0,0.0,0.0,0.96,True,False,False,False,6,0,14,150,1.0,False,{}
F1,4,H5,dish washer,0,18,0,0,0,18,0,0.0,0.0,0.0,1.0,True,True,True,False,0,0,0,18,0.0,True,{}
F1,4,H6,dish washer,0,164,0,0,0,164,0,0.0,0.0,0.0,1.0,True,True,True,False,0,0,0,164,0.0,True,{}
F1,4,ALL,dish washer,5,420,1,21,26,421,0,0.8333333333333334,0.19230769230769232,0.3125,0.9507829977628636,False,False,False,False,21,5,17,442,0.8076923076923077,False,{}
F2,0,H1,fridge,17,125,22,73,90,147,11,0.4358974358974359,0.18888888888888888,0.26356589147286824,0.5991561181434599,False,False,False,False,42,48,75,200,0.4666666666666667,False,"{""incomplete_one_sample"":9,""right_censored"":2}"
F2,0,H3,fridge,32,464,29,65,97,493,6,0.5245901639344263,0.32989690721649484,0.4050632911392405,0.8406779661016949,False,False,False,False,80,17,266,579,0.8247422680412371,False,"{""incomplete_one_sample"":4,""right_censored"":2}"
F2,0,H5,fridge,0,7,1,5,5,8,0,0.0,0.0,0.0,0.5384615384615384,False,False,False,False,2,3,2,10,0.4,False,{}
F2,0,H6,fridge,17,119,70,32,49,189,3,0.19540229885057472,0.3469387755102041,0.25,0.5714285714285714,False,False,False,False,31,18,146,223,0.6326530612244898,False,"{""incomplete_one_sample"":3}"
F2,0,ALL,fridge,66,715,122,175,241,837,20,0.35106382978723405,0.27385892116182575,0.3076923076923077,0.7244897959183674,False,False,False,False,155,86,489,1012,0.6431535269709544,False,"{""incomplete_one_sample"":16,""right_censored"":4}"
F2,0,H1,microwave,11,138,11,34,45,149,15,0.5,0.24444444444444444,0.3283582089552239,0.7680412371134021,False,False,False,False,36,9,42,200,0.8,False,"{""incomplete_one_sample"":13,""right_censored"":2}"
F2,0,H3,microwave,0,559,10,10,10,569,0,0.0,0.0,0.0,0.9654576856649395,False,False,False,False,10,0,17,579,1.0,False,{}
F2,0,H5,microwave,0,9,1,0,0,10,0,0.0,0.0,0.0,0.9,False,True,False,False,0,0,0,10,0.0,True,{}
F2,0,H6,microwave,0,0,0,0,0,0,223,0.0,0.0,0.0,0.0,True,True,True,True,0,0,0,223,0.0,True,"{""label_unavailable"":223}"
F2,0,ALL,microwave,11,706,22,44,55,728,238,0.3333333333333333,0.2,0.25,0.9157088122605364,False,False,False,False,46,9,59,1012,0.8363636363636363,False,"{""incomplete_one_sample"":13,""label_unavailable"":223,""right_censored"":2}"
F2,0,H1,dish washer,6,173,6,12,18,179,4,0.5,0.3333333333333333,0.4,0.9086294416243654,False,False,False,False,17,1,5,200,0.9444444444444444,False,"{""incomplete_one_sample"":4}"
F2,0,H3,dish washer,0,564,7,2,2,571,6,0.0,0.0,0.0,0.9842931937172775,False,False,False,False,2,0,3,579,1.0,False,"{""incomplete_one_sample"":4,""right_censored"":2}"
F2,0,H5,dish washer,0,10,0,0,0,10,0,0.0,0.0,0.0,1.0,True,True,True,False,0,0,0,10,0.0,True,{}
F2,0,H6,dish washer,0,212,11,0,0,223,0,0.0,0.0,0.0,0.9506726457399103,False,True,False,False,0,0,0,223,0.0,True,{}
F2,0,ALL,dish washer,6,959,24,14,20,983,10,0.2,0.3,0.24,0.9621136590229312,False,False,False,False,19,1,8,1012,0.95,False,"{""incomplete_one_sample"":8,""right_censored"":2}"
F2,1,H1,fridge,19,123,24,71,90,147,11,0.4418604651162791,0.2111111111111111,0.2857142857142857,0.5991561181434599,False,False,False,False,42,48,75,200,0.4666666666666667,False,"{""incomplete_one_sample"":9,""right_censored"":2}"
F2,1,H3,fridge,31,451,42,66,97,493,6,0.4246575342465753,0.31958762886597936,0.36470588235294116,0.8169491525423729,False,False,False,False,80,17,266,579,0.8247422680412371,False,"{""incomplete_one_sample"":4,""right_censored"":2}"
F2,1,H5,fridge,0,6,2,5,5,8,0,0.0,0.0,0.0,0.46153846153846156,False,False,False,False,2,3,2,10,0.4,False,{}
F2,1,H6,fridge,19,108,81,30,49,189,3,0.19,0.3877551020408163,0.2550335570469799,0.5336134453781513,False,False,False,False,31,18,146,223,0.6326530612244898,False,"{""incomplete_one_sample"":3}"
F2,1,ALL,fridge,69,688,149,172,241,837,20,0.3165137614678899,0.2863070539419087,0.3006535947712418,0.7022263450834879,False,False,False,False,155,86,489,1012,0.6431535269709544,False,"{""incomplete_one_sample"":16,""right_censored"":4}"
F2,1,H1,microwave,9,136,13,36,45,149,15,0.4090909090909091,0.2,0.26865671641791045,0.7474226804123711,False,False,False,False,36,9,42,200,0.8,False,"{""incomplete_one_sample"":13,""right_censored"":2}"
F2,1,H3,microwave,0,558,11,10,10,569,0,0.0,0.0,0.0,0.9637305699481865,False,False,False,False,10,0,17,579,1.0,False,{}
F2,1,H5,microwave,0,10,0,0,0,10,0,0.0,0.0,0.0,1.0,True,True,True,False,0,0,0,10,0.0,True,{}
F2,1,H6,microwave,0,0,0,0,0,0,223,0.0,0.0,0.0,0.0,True,True,True,True,0,0,0,223,0.0,True,"{""label_unavailable"":223}"
F2,1,ALL,microwave,9,704,24,46,55,728,238,0.2727272727272727,0.16363636363636364,0.20454545454545456,0.9106002554278416,False,False,False,False,46,9,59,1012,0.8363636363636363,False,"{""incomplete_one_sample"":13,""label_unavailable"":223,""right_censored"":2}"
F2,1,H1,dish washer,4,173,6,14,18,179,4,0.4,0.2222222222222222,0.2857142857142857,0.8984771573604061,False,False,False,False,17,1,5,200,0.9444444444444444,False,"{""incomplete_one_sample"":4}"
F2,1,H3,dish washer,0,562,9,2,2,571,6,0.0,0.0,0.0,0.9808027923211169,False,False,False,False,2,0,3,579,1.0,False,"{""incomplete_one_sample"":4,""right_censored"":2}"
F2,1,H5,dish washer,0,10,0,0,0,10,0,0.0,0.0,0.0,1.0,True,True,True,False,0,0,0,10,0.0,True,{}
F2,1,H6,dish washer,0,218,5,0,0,223,0,0.0,0.0,0.0,0.9775784753363229,False,True,False,False,0,0,0,223,0.0,True,{}
F2,1,ALL,dish washer,4,963,20,16,20,983,10,0.16666666666666666,0.2,0.18181818181818182,0.9641076769690927,False,False,False,False,19,1,8,1012,0.95,False,"{""incomplete_one_sample"":8,""right_censored"":2}"
F2,2,H1,fridge,18,127,20,72,90,147,11,0.47368421052631576,0.2,0.28125,0.6118143459915611,False,False,False,False,42,48,75,200,0.4666666666666667,False,"{""incomplete_one_sample"":9,""right_censored"":2}"
F2,2,H3,fridge,31,458,35,66,97,493,6,0.4696969696969697,0.31958762886597936,0.3803680981595092,0.8288135593220339,False,False,False,False,80,17,266,579,0.8247422680412371,False,"{""incomplete_one_sample"":4,""right_censored"":2}"
F2,2,H5,fridge,0,7,1,5,5,8,0,0.0,0.0,0.0,0.5384615384615384,False,False,False,False,2,3,2,10,0.4,False,{}
F2,2,H6,fridge,16,125,64,33,49,189,3,0.2,0.32653061224489793,0.24806201550387597,0.592436974789916,False,False,False,False,31,18,146,223,0.6326530612244898,False,"{""incomplete_one_sample"":3}"
F2,2,ALL,fridge,65,717,120,176,241,837,20,0.35135135135135137,0.2697095435684647,0.3051643192488263,0.725417439703154,False,False,False,False,155,86,489,1012,0.6431535269709544,False,"{""incomplete_one_sample"":16,""right_censored"":4}"
F2,2,H1,microwave,6,142,7,39,45,149,15,0.46153846153846156,0.13333333333333333,0.20689655172413793,0.7628865979381443,False,False,False,False,36,9,42,200,0.8,False,"{""incomplete_one_sample"":13,""right_censored"":2}"
F2,2,H3,microwave,0,567,2,10,10,569,0,0.0,0.0,0.0,0.9792746113989638,False,False,False,False,10,0,17,579,1.0,False,{}
F2,2,H5,microwave,0,10,0,0,0,10,0,0.0,0.0,0.0,1.0,True,True,True,False,0,0,0,10,0.0,True,{}
F2,2,H6,microwave,0,0,0,0,0,0,223,0.0,0.0,0.0,0.0,True,True,True,True,0,0,0,223,0.0,True,"{""label_unavailable"":223}"
F2,2,ALL,microwave,6,719,9,49,55,728,238,0.4,0.10909090909090909,0.17142857142857143,0.9259259259259259,False,False,False,False,46,9,59,1012,0.8363636363636363,False,"{""incomplete_one_sample"":13,""label_unavailable"":223,""right_censored"":2}"
F2,2,H1,dish washer,5,167,12,13,18,179,4,0.29411764705882354,0.2777777777777778,0.2857142857142857,0.8730964467005076,False,False,False,False,17,1,5,200,0.9444444444444444,False,"{""incomplete_one_sample"":4}"
F2,2,H3,dish washer,0,563,8,2,2,571,6,0.0,0.0,0.0,0.9825479930191972,False,False,False,False,2,0,3,579,1.0,False,"{""incomplete_one_sample"":4,""right_censored"":2}"
F2,2,H5,dish washer,0,10,0,0,0,10,0,0.0,0.0,0.0,1.0,True,True,True,False,0,0,0,10,0.0,True,{}
F2,2,H6,dish washer,0,215,8,0,0,223,0,0.0,0.0,0.0,0.9641255605381166,False,True,False,False,0,0,0,223,0.0,True,{}
F2,2,ALL,dish washer,5,955,28,15,20,983,10,0.15151515151515152,0.25,0.18867924528301888,0.9571286141575274,False,False,False,False,19,1,8,1012,0.95,False,"{""incomplete_one_sample"":8,""right_censored"":2}"
F2,3,H1,fridge,12,135,12,78,90,147,11,0.5,0.13333333333333333,0.21052631578947367,0.620253164556962,False,False,False,False,42,48,75,200,0.4666666666666667,False,"{""incomplete_one_sample"":9,""right_censored"":2}"
F2,3,H3,fridge,25,481,12,72,97,493,6,0.6756756756756757,0.25773195876288657,0.373134328358209,0.8576271186440678,False,False,False,False,80,17,266,579,0.8247422680412371,False,"{""incomplete_one_sample"":4,""right_censored"":2}"
F2,3,H5,fridge,0,7,1,5,5,8,0,0.0,0.0,0.0,0.5384615384615384,False,False,False,False,2,3,2,10,0.4,False,{}
F2,3,H6,fridge,12,145,44,37,49,189,3,0.21428571428571427,0.24489795918367346,0.22857142857142856,0.6596638655462185,False,False,False,False,31,18,146,223,0.6326530612244898,False,"{""incomplete_one_sample"":3}"
F2,3,ALL,fridge,49,768,69,192,241,837,20,0.4152542372881356,0.2033195020746888,0.27298050139275765,0.7578849721706865,False,False,False,False,155,86,489,1012,0.6431535269709544,False,"{""incomplete_one_sample"":16,""right_censored"":4}"
F2,3,H1,microwave,6,138,11,39,45,149,15,0.35294117647058826,0.13333333333333333,0.1935483870967742,0.7422680412371134,False,False,False,False,36,9,42,200,0.8,False,"{""incomplete_one_sample"":13,""right_censored"":2}"
F2,3,H3,microwave,0,565,4,10,10,569,0,0.0,0.0,0.0,0.9758203799654577,False,False,False,False,10,0,17,579,1.0,False,{}
F2,3,H5,microwave,0,10,0,0,0,10,0,0.0,0.0,0.0,1.0,True,True,True,False,0,0,0,10,0.0,True,{}
F2,3,H6,microwave,0,0,0,0,0,0,223,0.0,0.0,0.0,0.0,True,True,True,True,0,0,0,223,0.0,True,"{""label_unavailable"":223}"
F2,3,ALL,microwave,6,713,15,49,55,728,238,0.2857142857142857,0.10909090909090909,0.15789473684210525,0.9182630906768838,False,False,False,False,46,9,59,1012,0.8363636363636363,False,"{""incomplete_one_sample"":13,""label_unavailable"":223,""right_censored"":2}"
F2,3,H1,dish washer,5,174,5,13,18,179,4,0.5,0.2777777777777778,0.35714285714285715,0.9086294416243654,False,False,False,False,17,1,5,200,0.9444444444444444,False,"{""incomplete_one_sample"":4}"
F2,3,H3,dish washer,1,563,8,1,2,571,6,0.1111111111111111,0.5,0.18181818181818182,0.9842931937172775,False,False,False,False,2,0,3,579,1.0,False,"{""incomplete_one_sample"":4,""right_censored"":2}"
F2,3,H5,dish washer,0,10,0,0,0,10,0,0.0,0.0,0.0,1.0,True,True,True,False,0,0,0,10,0.0,True,{}
F2,3,H6,dish washer,0,214,9,0,0,223,0,0.0,0.0,0.0,0.9596412556053812,False,True,False,False,0,0,0,223,0.0,True,{}
F2,3,ALL,dish washer,6,961,22,14,20,983,10,0.21428571428571427,0.3,0.25,0.9641076769690927,False,False,False,False,19,1,8,1012,0.95,False,"{""incomplete_one_sample"":8,""right_censored"":2}"
F2,4,H1,fridge,16,131,16,74,90,147,11,0.5,0.17777777777777778,0.26229508196721313,0.620253164556962,False,False,False,False,42,48,75,200,0.4666666666666667,False,"{""incomplete_one_sample"":9,""right_censored"":2}"
F2,4,H3,fridge,25,465,28,72,97,493,6,0.4716981132075472,0.25773195876288657,0.3333333333333333,0.8305084745762712,False,False,False,False,80,17,266,579,0.8247422680412371,False,"{""incomplete_one_sample"":4,""right_censored"":2}"
F2,4,H5,fridge,0,7,1,5,5,8,0,0.0,0.0,0.0,0.5384615384615384,False,False,False,False,2,3,2,10,0.4,False,{}
F2,4,H6,fridge,14,130,59,35,49,189,3,0.1917808219178082,0.2857142857142857,0.22950819672131148,0.6050420168067226,False,False,False,False,31,18,146,223,0.6326530612244898,False,"{""incomplete_one_sample"":3}"
F2,4,ALL,fridge,55,733,104,186,241,837,20,0.34591194968553457,0.22821576763485477,0.275,0.7309833024118738,False,False,False,False,155,86,489,1012,0.6431535269709544,False,"{""incomplete_one_sample"":16,""right_censored"":4}"
F2,4,H1,microwave,16,131,18,29,45,149,15,0.47058823529411764,0.35555555555555557,0.4050632911392405,0.7577319587628866,False,False,False,False,36,9,42,200,0.8,False,"{""incomplete_one_sample"":13,""right_censored"":2}"
F2,4,H3,microwave,2,548,21,8,10,569,0,0.08695652173913043,0.2,0.12121212121212122,0.9499136442141624,False,False,False,False,10,0,17,579,1.0,False,{}
F2,4,H5,microwave,0,10,0,0,0,10,0,0.0,0.0,0.0,1.0,True,True,True,False,0,0,0,10,0.0,True,{}
F2,4,H6,microwave,0,0,0,0,0,0,223,0.0,0.0,0.0,0.0,True,True,True,True,0,0,0,223,0.0,True,"{""label_unavailable"":223}"
F2,4,ALL,microwave,18,689,39,37,55,728,238,0.3157894736842105,0.32727272727272727,0.32142857142857145,0.9029374201787995,False,False,False,False,46,9,59,1012,0.8363636363636363,False,"{""incomplete_one_sample"":13,""label_unavailable"":223,""right_censored"":2}"
F2,4,H1,dish washer,7,167,12,11,18,179,4,0.3684210526315789,0.3888888888888889,0.3783783783783784,0.883248730964467,False,False,False,False,17,1,5,200,0.9444444444444444,False,"{""incomplete_one_sample"":4}"
F2,4,H3,dish washer,1,539,32,1,2,571,6,0.030303030303030304,0.5,0.05714285714285714,0.9424083769633508,False,False,False,False,2,0,3,579,1.0,False,"{""incomplete_one_sample"":4,""right_censored"":2}"
F2,4,H5,dish washer,0,10,0,0,0,10,0,0.0,0.0,0.0,1.0,True,True,True,False,0,0,0,10,0.0,True,{}
F2,4,H6,dish washer,0,195,28,0,0,223,0,0.0,0.0,0.0,0.874439461883408,False,True,False,False,0,0,0,223,0.0,True,{}
F2,4,ALL,dish washer,8,911,72,12,20,983,10,0.1,0.4,0.16,0.9162512462612163,False,False,False,False,19,1,8,1012,0.95,False,"{""incomplete_one_sample"":8,""right_censored"":2}"
F3,0,H1,fridge,20,186,18,55,75,204,11,0.5263157894736842,0.26666666666666666,0.35398230088495575,0.7383512544802867,False,False,False,False,42,33,96,257,0.56,False,"{""incomplete_one_sample"":2,""left_censored"":3,""right_censored"":6}"
F3,0,H3,fridge,51,93,14,32,83,107,8,0.7846153846153846,0.6144578313253012,0.6891891891891891,0.7578947368421053,False,False,False,False,66,17,87,181,0.7951807228915663,False,"{""incomplete_one_sample"":8}"
F3,0,H5,fridge,2,13,2,14,16,15,1,0.5,0.125,0.2,0.4838709677419355,False,False,False,False,7,9,12,23,0.4375,False,"{""right_censored"":1}"
F3,0,H6,fridge,17,19,4,35,52,23,14,0.8095238095238095,0.3269230769230769,0.4657534246575342,0.48,False,False,False,False,29,23,13,66,0.5576923076923077,False,"{""incomplete_one_sample"":8,""incomplete_one_sample+right_censored"":1,""right_censored"":5}"
F3,0,ALL,fridge,90,311,38,136,226,349,34,0.703125,0.39823008849557523,0.5084745762711864,0.697391304347826,False,False,False,False,144,82,208,527,0.6371681415929203,False,"{""incomplete_one_sample"":18,""incomplete_one_sample+right_censored"":1,""left_censored"":3,""right_censored"":12}"
F3,0,H1,microwave,1,207,7,36,37,214,12,0.125,0.02702702702702703,0.044444444444444446,0.8286852589641435,False,False,False,False,31,6,33,257,0.8378378378378378,False,"{""incomplete_one_sample"":12}"
F3,0,H3,microwave,2,163,2,8,10,165,6,0.5,0.2,0.2857142857142857,0.9428571428571428,False,False,False,False,10,0,36,181,1.0,False,"{""incomplete_one_sample"":6}"
F3,0,H5,microwave,0,22,1,0,0,23,0,0.0,0.0,0.0,0.9565217391304348,False,True,False,False,0,0,0,23,0.0,True,{}
F3,0,H6,microwave,0,0,0,0,0,0,66,0.0,0.0,0.0,0.0,True,True,True,True,0,0,0,66,0.0,True,"{""label_unavailable"":66}"
F3,0,ALL,microwave,3,392,10,44,47,402,84,0.23076923076923078,0.06382978723404255,0.1,0.8797327394209354,False,False,False,False,41,6,69,527,0.8723404255319149,False,"{""incomplete_one_sample"":18,""label_unavailable"":66}"
F3,0,H1,dish washer,1,189,0,66,67,189,4,1.0,0.014925373134328358,0.029411764705882353,0.7421875,False,False,False,False,64,3,25,257,0.9552238805970149,False,"{""incomplete_one_sample"":4}"
F3,0,H3,dish washer,0,175,1,3,3,176,2,0.0,0.0,0.0,0.9776536312849162,False,False,False,False,3,0,5,181,1.0,False,"{""left_censored"":2}"
F3,0,H5,dish washer,0,23,0,0,0,23,0,0.0,0.0,0.0,1.0,True,True,True,False,0,0,0,23,0.0,True,{}
F3,0,H6,dish washer,0,66,0,0,0,66,0,0.0,0.0,0.0,1.0,True,True,True,False,0,0,0,66,0.0,True,{}
F3,0,ALL,dish washer,1,453,1,69,70,454,6,0.5,0.014285714285714285,0.027777777777777776,0.8664122137404581,False,False,False,False,67,3,30,527,0.9571428571428572,False,"{""incomplete_one_sample"":4,""left_censored"":2}"
F3,1,H1,fridge,14,190,14,61,75,204,11,0.5,0.18666666666666668,0.27184466019417475,0.7311827956989247,False,False,False,False,42,33,96,257,0.56,False,"{""incomplete_one_sample"":2,""left_censored"":3,""right_censored"":6}"
F3,1,H3,fridge,49,97,10,34,83,107,8,0.8305084745762712,0.5903614457831325,0.6901408450704225,0.7684210526315789,False,False,False,False,66,17,87,181,0.7951807228915663,False,"{""incomplete_one_sample"":8}"
F3,1,H5,fridge,1,12,3,15,16,15,1,0.25,0.0625,0.1,0.41935483870967744,False,False,False,False,7,9,12,23,0.4375,False,"{""right_censored"":1}"
F3,1,H6,fridge,17,22,1,35,52,23,14,0.9444444444444444,0.3269230769230769,0.4857142857142857,0.52,False,False,False,False,29,23,13,66,0.5576923076923077,False,"{""incomplete_one_sample"":8,""incomplete_one_sample+right_censored"":1,""right_censored"":5}"
F3,1,ALL,fridge,81,321,28,145,226,349,34,0.7431192660550459,0.3584070796460177,0.4835820895522388,0.6991304347826087,False,False,False,False,144,82,208,527,0.6371681415929203,False,"{""incomplete_one_sample"":18,""incomplete_one_sample+right_censored"":1,""left_censored"":3,""right_censored"":12}"
F3,1,H1,microwave,13,201,13,24,37,214,12,0.5,0.35135135135135137,0.4126984126984127,0.852589641434263,False,False,False,False,31,6,33,257,0.8378378378378378,False,"{""incomplete_one_sample"":12}"
F3,1,H3,microwave,4,150,15,6,10,165,6,0.21052631578947367,0.4,0.27586206896551724,0.88,False,False,False,False,10,0,36,181,1.0,False,"{""incomplete_one_sample"":6}"
F3,1,H5,microwave,0,21,2,0,0,23,0,0.0,0.0,0.0,0.9130434782608695,False,True,False,False,0,0,0,23,0.0,True,{}
F3,1,H6,microwave,0,0,0,0,0,0,66,0.0,0.0,0.0,0.0,True,True,True,True,0,0,0,66,0.0,True,"{""label_unavailable"":66}"
F3,1,ALL,microwave,17,372,30,30,47,402,84,0.3617021276595745,0.3617021276595745,0.3617021276595745,0.8663697104677061,False,False,False,False,41,6,69,527,0.8723404255319149,False,"{""incomplete_one_sample"":18,""label_unavailable"":66}"
F3,1,H1,dish washer,2,189,0,65,67,189,4,1.0,0.029850746268656716,0.057971014492753624,0.74609375,False,False,False,False,64,3,25,257,0.9552238805970149,False,"{""incomplete_one_sample"":4}"
F3,1,H3,dish washer,0,175,1,3,3,176,2,0.0,0.0,0.0,0.9776536312849162,False,False,False,False,3,0,5,181,1.0,False,"{""left_censored"":2}"
F3,1,H5,dish washer,0,23,0,0,0,23,0,0.0,0.0,0.0,1.0,True,True,True,False,0,0,0,23,0.0,True,{}
F3,1,H6,dish washer,0,66,0,0,0,66,0,0.0,0.0,0.0,1.0,True,True,True,False,0,0,0,66,0.0,True,{}
F3,1,ALL,dish washer,2,453,1,68,70,454,6,0.6666666666666666,0.02857142857142857,0.0547945205479452,0.8683206106870229,False,False,False,False,67,3,30,527,0.9571428571428572,False,"{""incomplete_one_sample"":4,""left_censored"":2}"
F3,2,H1,fridge,17,184,20,58,75,204,11,0.4594594594594595,0.22666666666666666,0.30357142857142855,0.7204301075268817,False,False,False,False,42,33,96,257,0.56,False,"{""incomplete_one_sample"":2,""left_censored"":3,""right_censored"":6}"
F3,2,H3,fridge,50,92,15,33,83,107,8,0.7692307692307693,0.6024096385542169,0.6756756756756757,0.7473684210526316,False,False,False,False,66,17,87,181,0.7951807228915663,False,"{""incomplete_one_sample"":8}"
F3,2,H5,fridge,1,13,2,15,16,15,1,0.3333333333333333,0.0625,0.10526315789473684,0.45161290322580644,False,False,False,False,7,9,12,23,0.4375,False,"{""right_censored"":1}"
F3,2,H6,fridge,17,21,2,35,52,23,14,0.8947368421052632,0.3269230769230769,0.4788732394366197,0.5066666666666667,False,False,False,False,29,23,13,66,0.5576923076923077,False,"{""incomplete_one_sample"":8,""incomplete_one_sample+right_censored"":1,""right_censored"":5}"
F3,2,ALL,fridge,85,310,39,141,226,349,34,0.6854838709677419,0.37610619469026546,0.4857142857142857,0.6869565217391305,False,False,False,False,144,82,208,527,0.6371681415929203,False,"{""incomplete_one_sample"":18,""incomplete_one_sample+right_censored"":1,""left_censored"":3,""right_censored"":12}"
F3,2,H1,microwave,14,201,13,23,37,214,12,0.5185185185185185,0.3783783783783784,0.4375,0.8565737051792829,False,False,False,False,31,6,33,257,0.8378378378378378,False,"{""incomplete_one_sample"":12}"
F3,2,H3,microwave,4,151,14,6,10,165,6,0.2222222222222222,0.4,0.2857142857142857,0.8857142857142857,False,False,False,False,10,0,36,181,1.0,False,"{""incomplete_one_sample"":6}"
F3,2,H5,microwave,0,22,1,0,0,23,0,0.0,0.0,0.0,0.9565217391304348,False,True,False,False,0,0,0,23,0.0,True,{}
F3,2,H6,microwave,0,0,0,0,0,0,66,0.0,0.0,0.0,0.0,True,True,True,True,0,0,0,66,0.0,True,"{""label_unavailable"":66}"
F3,2,ALL,microwave,18,374,28,29,47,402,84,0.391304347826087,0.3829787234042553,0.3870967741935484,0.8730512249443207,False,False,False,False,41,6,69,527,0.8723404255319149,False,"{""incomplete_one_sample"":18,""label_unavailable"":66}"
F3,2,H1,dish washer,4,189,0,63,67,189,4,1.0,0.05970149253731343,0.11267605633802817,0.75390625,False,False,False,False,64,3,25,257,0.9552238805970149,False,"{""incomplete_one_sample"":4}"
F3,2,H3,dish washer,0,169,7,3,3,176,2,0.0,0.0,0.0,0.9441340782122905,False,False,False,False,3,0,5,181,1.0,False,"{""left_censored"":2}"
F3,2,H5,dish washer,0,23,0,0,0,23,0,0.0,0.0,0.0,1.0,True,True,True,False,0,0,0,23,0.0,True,{}
F3,2,H6,dish washer,0,66,0,0,0,66,0,0.0,0.0,0.0,1.0,True,True,True,False,0,0,0,66,0.0,True,{}
F3,2,ALL,dish washer,4,447,7,66,70,454,6,0.36363636363636365,0.05714285714285714,0.09876543209876543,0.8606870229007634,False,False,False,False,67,3,30,527,0.9571428571428572,False,"{""incomplete_one_sample"":4,""left_censored"":2}"
F3,3,H1,fridge,17,185,19,58,75,204,11,0.4722222222222222,0.22666666666666666,0.3063063063063063,0.7240143369175627,False,False,False,False,42,33,96,257,0.56,False,"{""incomplete_one_sample"":2,""left_censored"":3,""right_censored"":6}"
F3,3,H3,fridge,52,93,14,31,83,107,8,0.7878787878787878,0.6265060240963856,0.697986577181208,0.7631578947368421,False,False,False,False,66,17,87,181,0.7951807228915663,False,"{""incomplete_one_sample"":8}"
F3,3,H5,fridge,3,12,3,13,16,15,1,0.5,0.1875,0.2727272727272727,0.4838709677419355,False,False,False,False,7,9,12,23,0.4375,False,"{""right_censored"":1}"
F3,3,H6,fridge,17,19,4,35,52,23,14,0.8095238095238095,0.3269230769230769,0.4657534246575342,0.48,False,False,False,False,29,23,13,66,0.5576923076923077,False,"{""incomplete_one_sample"":8,""incomplete_one_sample+right_censored"":1,""right_censored"":5}"
F3,3,ALL,fridge,89,309,40,137,226,349,34,0.689922480620155,0.3938053097345133,0.5014084507042254,0.6921739130434783,False,False,False,False,144,82,208,527,0.6371681415929203,False,"{""incomplete_one_sample"":18,""incomplete_one_sample+right_censored"":1,""left_censored"":3,""right_censored"":12}"
F3,3,H1,microwave,17,201,13,20,37,214,12,0.5666666666666667,0.4594594594594595,0.5074626865671642,0.8685258964143426,False,False,False,False,31,6,33,257,0.8378378378378378,False,"{""incomplete_one_sample"":12}"
F3,3,H3,microwave,4,154,11,6,10,165,6,0.26666666666666666,0.4,0.32,0.9028571428571428,False,False,False,False,10,0,36,181,1.0,False,"{""incomplete_one_sample"":6}"
F3,3,H5,microwave,0,22,1,0,0,23,0,0.0,0.0,0.0,0.9565217391304348,False,True,False,False,0,0,0,23,0.0,True,{}
F3,3,H6,microwave,0,0,0,0,0,0,66,0.0,0.0,0.0,0.0,True,True,True,True,0,0,0,66,0.0,True,"{""label_unavailable"":66}"
F3,3,ALL,microwave,21,377,25,26,47,402,84,0.45652173913043476,0.44680851063829785,0.45161290322580644,0.8864142538975501,False,False,False,False,41,6,69,527,0.8723404255319149,False,"{""incomplete_one_sample"":18,""label_unavailable"":66}"
F3,3,H1,dish washer,2,189,0,65,67,189,4,1.0,0.029850746268656716,0.057971014492753624,0.74609375,False,False,False,False,64,3,25,257,0.9552238805970149,False,"{""incomplete_one_sample"":4}"
F3,3,H3,dish washer,0,175,1,3,3,176,2,0.0,0.0,0.0,0.9776536312849162,False,False,False,False,3,0,5,181,1.0,False,"{""left_censored"":2}"
F3,3,H5,dish washer,0,23,0,0,0,23,0,0.0,0.0,0.0,1.0,True,True,True,False,0,0,0,23,0.0,True,{}
F3,3,H6,dish washer,0,66,0,0,0,66,0,0.0,0.0,0.0,1.0,True,True,True,False,0,0,0,66,0.0,True,{}
F3,3,ALL,dish washer,2,453,1,68,70,454,6,0.6666666666666666,0.02857142857142857,0.0547945205479452,0.8683206106870229,False,False,False,False,67,3,30,527,0.9571428571428572,False,"{""incomplete_one_sample"":4,""left_censored"":2}"
F3,4,H1,fridge,17,186,18,58,75,204,11,0.4857142857142857,0.22666666666666666,0.3090909090909091,0.7275985663082437,False,False,False,False,42,33,96,257,0.56,False,"{""incomplete_one_sample"":2,""left_censored"":3,""right_censored"":6}"
F3,4,H3,fridge,54,92,15,29,83,107,8,0.782608695652174,0.6506024096385542,0.7105263157894737,0.7684210526315789,False,False,False,False,66,17,87,181,0.7951807228915663,False,"{""incomplete_one_sample"":8}"
F3,4,H5,fridge,2,12,3,14,16,15,1,0.4,0.125,0.19047619047619047,0.45161290322580644,False,False,False,False,7,9,12,23,0.4375,False,"{""right_censored"":1}"
F3,4,H6,fridge,16,20,3,36,52,23,14,0.8421052631578947,0.3076923076923077,0.4507042253521127,0.48,False,False,False,False,29,23,13,66,0.5576923076923077,False,"{""incomplete_one_sample"":8,""incomplete_one_sample+right_censored"":1,""right_censored"":5}"
F3,4,ALL,fridge,89,310,39,137,226,349,34,0.6953125,0.3938053097345133,0.5028248587570622,0.6939130434782609,False,False,False,False,144,82,208,527,0.6371681415929203,False,"{""incomplete_one_sample"":18,""incomplete_one_sample+right_censored"":1,""left_censored"":3,""right_censored"":12}"
F3,4,H1,microwave,2,213,1,35,37,214,12,0.6666666666666666,0.05405405405405406,0.1,0.8565737051792829,False,False,False,False,31,6,33,257,0.8378378378378378,False,"{""incomplete_one_sample"":12}"
F3,4,H3,microwave,1,162,3,9,10,165,6,0.25,0.1,0.14285714285714285,0.9314285714285714,False,False,False,False,10,0,36,181,1.0,False,"{""incomplete_one_sample"":6}"
F3,4,H5,microwave,0,22,1,0,0,23,0,0.0,0.0,0.0,0.9565217391304348,False,True,False,False,0,0,0,23,0.0,True,{}
F3,4,H6,microwave,0,0,0,0,0,0,66,0.0,0.0,0.0,0.0,True,True,True,True,0,0,0,66,0.0,True,"{""label_unavailable"":66}"
F3,4,ALL,microwave,3,397,5,44,47,402,84,0.375,0.06382978723404255,0.10909090909090909,0.89086859688196,False,False,False,False,41,6,69,527,0.8723404255319149,False,"{""incomplete_one_sample"":18,""label_unavailable"":66}"
F3,4,H1,dish washer,2,189,0,65,67,189,4,1.0,0.029850746268656716,0.057971014492753624,0.74609375,False,False,False,False,64,3,25,257,0.9552238805970149,False,"{""incomplete_one_sample"":4}"
F3,4,H3,dish washer,0,174,2,3,3,176,2,0.0,0.0,0.0,0.9720670391061452,False,False,False,False,3,0,5,181,1.0,False,"{""left_censored"":2}"
F3,4,H5,dish washer,0,23,0,0,0,23,0,0.0,0.0,0.0,1.0,True,True,True,False,0,0,0,23,0.0,True,{}
F3,4,H6,dish washer,0,66,0,0,0,66,0,0.0,0.0,0.0,1.0,True,True,True,False,0,0,0,66,0.0,True,{}
F3,4,ALL,dish washer,2,452,2,68,70,454,6,0.5,0.02857142857142857,0.05405405405405406,0.8664122137404581,False,False,False,False,67,3,30,527,0.9571428571428572,False,"{""incomplete_one_sample"":4,""left_censored"":2}"
F4,0,H1,fridge,18,119,17,49,67,136,4,0.5142857142857142,0.26865671641791045,0.35294117647058826,0.6748768472906403,False,False,False,False,38,29,74,178,0.5671641791044776,False,"{""incomplete_one_sample"":4}"
F4,0,H3,fridge,35,357,15,57,92,372,9,0.7,0.3804347826086957,0.49295774647887325,0.8448275862068966,False,False,False,False,71,21,206,452,0.7717391304347826,False,"{""incomplete_one_sample"":8,""right_censored"":1}"
F4,0,H5,fridge,1,14,2,3,4,16,0,0.3333333333333333,0.25,0.2857142857142857,0.75,False,False,False,False,3,1,12,19,0.75,False,{}
F4,0,H6,fridge,14,16,3,33,47,19,0,0.8235294117647058,0.2978723404255319,0.4375,0.45454545454545453,False,False,False,False,21,26,11,40,0.44680851063829785,False,{}
F4,0,ALL,fridge,68,506,37,142,210,543,13,0.6476190476190476,0.3238095238095238,0.43174603174603177,0.7622841965471447,False,False,False,False,133,77,303,689,0.6333333333333333,False,"{""incomplete_one_sample"":12,""right_censored"":1}"
F4,0,H1,microwave,7,140,4,17,24,144,17,0.6363636363636364,0.2916666666666667,0.4,0.875,False,False,False,False,17,7,13,178,0.7083333333333334,False,"{""incomplete_one_sample"":17}"
F4,0,H3,microwave,1,435,9,6,7,444,1,0.1,0.14285714285714285,0.11764705882352941,0.9667405764966741,False,False,False,False,7,0,26,452,1.0,False,"{""incomplete_one_sample"":1}"
F4,0,H5,microwave,0,19,0,0,0,19,0,0.0,0.0,0.0,1.0,True,True,True,False,0,0,0,19,0.0,True,{}
F4,0,H6,microwave,0,0,0,0,0,0,40,0.0,0.0,0.0,0.0,True,True,True,True,0,0,0,40,0.0,True,"{""label_unavailable"":40}"
F4,0,ALL,microwave,8,594,13,23,31,607,58,0.38095238095238093,0.25806451612903225,0.3076923076923077,0.9435736677115988,False,False,False,False,24,7,39,689,0.7741935483870968,False,"{""incomplete_one_sample"":18,""label_unavailable"":40}"
F4,0,H1,dish washer,10,124,1,36,46,125,8,0.9090909090909091,0.21739130434782608,0.3508771929824561,0.783625730994152,False,False,False,False,45,1,13,178,0.9782608695652174,False,"{""incomplete_one_sample"":8}"
F4,0,H3,dish washer,0,444,2,6,6,446,0,0.0,0.0,0.0,0.9823008849557522,False,False,False,False,6,0,20,452,1.0,False,{}
F4,0,H5,dish washer,0,19,0,0,0,19,0,0.0,0.0,0.0,1.0,True,True,True,False,0,0,0,19,0.0,True,{}
F4,0,H6,dish washer,0,40,0,0,0,40,0,0.0,0.0,0.0,1.0,True,True,True,False,0,0,0,40,0.0,True,{}
F4,0,ALL,dish washer,10,627,3,42,52,630,8,0.7692307692307693,0.19230769230769232,0.3076923076923077,0.9340175953079178,False,False,False,False,51,1,33,689,0.9807692307692307,False,"{""incomplete_one_sample"":8}"
F4,1,H1,fridge,16,127,9,51,67,136,4,0.64,0.23880597014925373,0.34782608695652173,0.7044334975369458,False,False,False,False,38,29,74,178,0.5671641791044776,False,"{""incomplete_one_sample"":4}"
F4,1,H3,fridge,30,363,9,62,92,372,9,0.7692307692307693,0.32608695652173914,0.4580152671755725,0.8469827586206896,False,False,False,False,71,21,206,452,0.7717391304347826,False,"{""incomplete_one_sample"":8,""right_censored"":1}"
F4,1,H5,fridge,1,15,1,3,4,16,0,0.5,0.25,0.3333333333333333,0.8,False,False,False,False,3,1,12,19,0.75,False,{}
F4,1,H6,fridge,10,15,4,37,47,19,0,0.7142857142857143,0.2127659574468085,0.32786885245901637,0.3787878787878788,False,False,False,False,21,26,11,40,0.44680851063829785,False,{}
F4,1,ALL,fridge,57,520,23,153,210,543,13,0.7125,0.2714285714285714,0.3931034482758621,0.7662682602921647,False,False,False,False,133,77,303,689,0.6333333333333333,False,"{""incomplete_one_sample"":12,""right_censored"":1}"
F4,1,H1,microwave,6,140,4,18,24,144,17,0.6,0.25,0.35294117647058826,0.8690476190476191,False,False,False,False,17,7,13,178,0.7083333333333334,False,"{""incomplete_one_sample"":17}"
F4,1,H3,microwave,1,433,11,6,7,444,1,0.08333333333333333,0.14285714285714285,0.10526315789473684,0.9623059866962306,False,False,False,False,7,0,26,452,1.0,False,"{""incomplete_one_sample"":1}"
F4,1,H5,microwave,0,19,0,0,0,19,0,0.0,0.0,0.0,1.0,True,True,True,False,0,0,0,19,0.0,True,{}
F4,1,H6,microwave,0,0,0,0,0,0,40,0.0,0.0,0.0,0.0,True,True,True,True,0,0,0,40,0.0,True,"{""label_unavailable"":40}"
F4,1,ALL,microwave,7,592,15,24,31,607,58,0.3181818181818182,0.22580645161290322,0.2641509433962264,0.9388714733542319,False,False,False,False,24,7,39,689,0.7741935483870968,False,"{""incomplete_one_sample"":18,""label_unavailable"":40}"
F4,1,H1,dish washer,11,121,4,35,46,125,8,0.7333333333333333,0.2391304347826087,0.36065573770491804,0.7719298245614035,False,False,False,False,45,1,13,178,0.9782608695652174,False,"{""incomplete_one_sample"":8}"
F4,1,H3,dish washer,1,439,7,5,6,446,0,0.125,0.16666666666666666,0.14285714285714285,0.9734513274336283,False,False,False,False,6,0,20,452,1.0,False,{}
F4,1,H5,dish washer,0,19,0,0,0,19,0,0.0,0.0,0.0,1.0,True,True,True,False,0,0,0,19,0.0,True,{}
F4,1,H6,dish washer,0,40,0,0,0,40,0,0.0,0.0,0.0,1.0,True,True,True,False,0,0,0,40,0.0,True,{}
F4,1,ALL,dish washer,12,619,11,40,52,630,8,0.5217391304347826,0.23076923076923078,0.32,0.9252199413489736,False,False,False,False,51,1,33,689,0.9807692307692307,False,"{""incomplete_one_sample"":8}"
F4,2,H1,fridge,17,126,10,50,67,136,4,0.6296296296296297,0.2537313432835821,0.3617021276595745,0.7044334975369458,False,False,False,False,38,29,74,178,0.5671641791044776,False,"{""incomplete_one_sample"":4}"
F4,2,H3,fridge,34,366,6,58,92,372,9,0.85,0.3695652173913043,0.5151515151515151,0.8620689655172413,False,False,False,False,71,21,206,452,0.7717391304347826,False,"{""incomplete_one_sample"":8,""right_censored"":1}"
F4,2,H5,fridge,0,15,1,4,4,16,0,0.0,0.0,0.0,0.75,False,False,False,False,3,1,12,19,0.75,False,{}
F4,2,H6,fridge,12,16,3,35,47,19,0,0.8,0.2553191489361702,0.3870967741935484,0.42424242424242425,False,False,False,False,21,26,11,40,0.44680851063829785,False,{}
F4,2,ALL,fridge,63,523,20,147,210,543,13,0.7590361445783133,0.3,0.4300341296928328,0.7782204515272244,False,False,False,False,133,77,303,689,0.6333333333333333,False,"{""incomplete_one_sample"":12,""right_censored"":1}"
F4,2,H1,microwave,6,140,4,18,24,144,17,0.6,0.25,0.35294117647058826,0.8690476190476191,False,False,False,False,17,7,13,178,0.7083333333333334,False,"{""incomplete_one_sample"":17}"
F4,2,H3,microwave,1,432,12,6,7,444,1,0.07692307692307693,0.14285714285714285,0.1,0.9600886917960089,False,False,False,False,7,0,26,452,1.0,False,"{""incomplete_one_sample"":1}"
F4,2,H5,microwave,0,19,0,0,0,19,0,0.0,0.0,0.0,1.0,True,True,True,False,0,0,0,19,0.0,True,{}
F4,2,H6,microwave,0,0,0,0,0,0,40,0.0,0.0,0.0,0.0,True,True,True,True,0,0,0,40,0.0,True,"{""label_unavailable"":40}"
F4,2,ALL,microwave,7,591,16,24,31,607,58,0.30434782608695654,0.22580645161290322,0.25925925925925924,0.9373040752351097,False,False,False,False,24,7,39,689,0.7741935483870968,False,"{""incomplete_one_sample"":18,""label_unavailable"":40}"
F4,2,H1,dish washer,5,122,3,41,46,125,8,0.625,0.10869565217391304,0.18518518518518517,0.7426900584795322,False,False,False,False,45,1,13,178,0.9782608695652174,False,"{""incomplete_one_sample"":8}"
F4,2,H3,dish washer,1,440,6,5,6,446,0,0.14285714285714285,0.16666666666666666,0.15384615384615385,0.9756637168141593,False,False,False,False,6,0,20,452,1.0,False,{}
F4,2,H5,dish washer,0,19,0,0,0,19,0,0.0,0.0,0.0,1.0,True,True,True,False,0,0,0,19,0.0,True,{}
F4,2,H6,dish washer,0,40,0,0,0,40,0,0.0,0.0,0.0,1.0,True,True,True,False,0,0,0,40,0.0,True,{}
F4,2,ALL,dish washer,6,621,9,46,52,630,8,0.4,0.11538461538461539,0.1791044776119403,0.9193548387096774,False,False,False,False,51,1,33,689,0.9807692307692307,False,"{""incomplete_one_sample"":8}"
F4,3,H1,fridge,19,120,16,48,67,136,4,0.5428571428571428,0.2835820895522388,0.37254901960784315,0.6847290640394089,False,False,False,False,38,29,74,178,0.5671641791044776,False,"{""incomplete_one_sample"":4}"
F4,3,H3,fridge,37,356,16,55,92,372,9,0.6981132075471698,0.40217391304347827,0.5103448275862069,0.8469827586206896,False,False,False,False,71,21,206,452,0.7717391304347826,False,"{""incomplete_one_sample"":8,""right_censored"":1}"
F4,3,H5,fridge,1,15,1,3,4,16,0,0.5,0.25,0.3333333333333333,0.8,False,False,False,False,3,1,12,19,0.75,False,{}
F4,3,H6,fridge,12,14,5,35,47,19,0,0.7058823529411765,0.2553191489361702,0.375,0.3939393939393939,False,False,False,False,21,26,11,40,0.44680851063829785,False,{}
F4,3,ALL,fridge,69,505,38,141,210,543,13,0.6448598130841121,0.32857142857142857,0.4353312302839117,0.7622841965471447,False,False,False,False,133,77,303,689,0.6333333333333333,False,"{""incomplete_one_sample"":12,""right_censored"":1}"
F4,3,H1,microwave,9,139,5,15,24,144,17,0.6428571428571429,0.375,0.47368421052631576,0.8809523809523809,False,False,False,False,17,7,13,178,0.7083333333333334,False,"{""incomplete_one_sample"":17}"
F4,3,H3,microwave,1,433,11,6,7,444,1,0.08333333333333333,0.14285714285714285,0.10526315789473684,0.9623059866962306,False,False,False,False,7,0,26,452,1.0,False,"{""incomplete_one_sample"":1}"
F4,3,H5,microwave,0,19,0,0,0,19,0,0.0,0.0,0.0,1.0,True,True,True,False,0,0,0,19,0.0,True,{}
F4,3,H6,microwave,0,0,0,0,0,0,40,0.0,0.0,0.0,0.0,True,True,True,True,0,0,0,40,0.0,True,"{""label_unavailable"":40}"
F4,3,ALL,microwave,10,591,16,21,31,607,58,0.38461538461538464,0.3225806451612903,0.3508771929824561,0.9420062695924765,False,False,False,False,24,7,39,689,0.7741935483870968,False,"{""incomplete_one_sample"":18,""label_unavailable"":40}"
F4,3,H1,dish washer,10,122,3,36,46,125,8,0.7692307692307693,0.21739130434782608,0.3389830508474576,0.7719298245614035,False,False,False,False,45,1,13,178,0.9782608695652174,False,"{""incomplete_one_sample"":8}"
F4,3,H3,dish washer,1,433,13,5,6,446,0,0.07142857142857142,0.16666666666666666,0.1,0.9601769911504425,False,False,False,False,6,0,20,452,1.0,False,{}
F4,3,H5,dish washer,0,18,1,0,0,19,0,0.0,0.0,0.0,0.9473684210526315,False,True,False,False,0,0,0,19,0.0,True,{}
F4,3,H6,dish washer,0,40,0,0,0,40,0,0.0,0.0,0.0,1.0,True,True,True,False,0,0,0,40,0.0,True,{}
F4,3,ALL,dish washer,11,613,17,41,52,630,8,0.39285714285714285,0.21153846153846154,0.275,0.9149560117302052,False,False,False,False,51,1,33,689,0.9807692307692307,False,"{""incomplete_one_sample"":8}"
F4,4,H1,fridge,12,126,10,55,67,136,4,0.5454545454545454,0.1791044776119403,0.2696629213483146,0.6798029556650246,False,False,False,False,38,29,74,178,0.5671641791044776,False,"{""incomplete_one_sample"":4}"
F4,4,H3,fridge,28,363,9,64,92,372,9,0.7567567567567568,0.30434782608695654,0.43410852713178294,0.8426724137931034,False,False,False,False,71,21,206,452,0.7717391304347826,False,"{""incomplete_one_sample"":8,""right_censored"":1}"
F4,4,H5,fridge,0,16,0,4,4,16,0,0.0,0.0,0.0,0.8,True,False,False,False,3,1,12,19,0.75,False,{}
F4,4,H6,fridge,7,18,1,40,47,19,0,0.875,0.14893617021276595,0.2545454545454545,0.3787878787878788,False,False,False,False,21,26,11,40,0.44680851063829785,False,{}
F4,4,ALL,fridge,47,523,20,163,210,543,13,0.7014925373134329,0.22380952380952382,0.33935018050541516,0.7569721115537849,False,False,False,False,133,77,303,689,0.6333333333333333,False,"{""incomplete_one_sample"":12,""right_censored"":1}"
F4,4,H1,microwave,9,140,4,15,24,144,17,0.6923076923076923,0.375,0.4864864864864865,0.8869047619047619,False,False,False,False,17,7,13,178,0.7083333333333334,False,"{""incomplete_one_sample"":17}"
F4,4,H3,microwave,1,431,13,6,7,444,1,0.07142857142857142,0.14285714285714285,0.09523809523809523,0.9578713968957872,False,False,False,False,7,0,26,452,1.0,False,"{""incomplete_one_sample"":1}"
F4,4,H5,microwave,0,19,0,0,0,19,0,0.0,0.0,0.0,1.0,True,True,True,False,0,0,0,19,0.0,True,{}
F4,4,H6,microwave,0,0,0,0,0,0,40,0.0,0.0,0.0,0.0,True,True,True,True,0,0,0,40,0.0,True,"{""label_unavailable"":40}"
F4,4,ALL,microwave,10,590,17,21,31,607,58,0.37037037037037035,0.3225806451612903,0.3448275862068966,0.9404388714733543,False,False,False,False,24,7,39,689,0.7741935483870968,False,"{""incomplete_one_sample"":18,""label_unavailable"":40}"
F4,4,H1,dish washer,8,125,0,38,46,125,8,1.0,0.17391304347826086,0.2962962962962963,0.7777777777777778,False,False,False,False,45,1,13,178,0.9782608695652174,False,"{""incomplete_one_sample"":8}"
F4,4,H3,dish washer,0,443,3,6,6,446,0,0.0,0.0,0.0,0.9800884955752213,False,False,False,False,6,0,20,452,1.0,False,{}
F4,4,H5,dish washer,0,19,0,0,0,19,0,0.0,0.0,0.0,1.0,True,True,True,False,0,0,0,19,0.0,True,{}
F4,4,H6,dish washer,0,40,0,0,0,40,0,0.0,0.0,0.0,1.0,True,True,True,False,0,0,0,40,0.0,True,{}
F4,4,ALL,dish washer,8,627,3,44,52,630,8,0.7272727272727273,0.15384615384615385,0.25396825396825395,0.9310850439882697,False,False,False,False,51,1,33,689,0.9807692307692307,False,"{""incomplete_one_sample"":8}"
